{
  "svcResL": [
    {
      "meth": "SubscrDetails",
      "res": {
        "details": {
          "channels": [
            {
              "options": [
                {
                  "type": "NO_SOUND",
                  "value": "0"
                }
              ],
              "subscrTypes": [
                "DETAILS_CONNECTION",
                "DETAILS_INTERVAL",
                "FEED_RSS"
              ],
              "active": true,
              "address": "czU8XFVJSqWRSCcUeG7h6E:APA91bE8tdy97pH4yzxPSHoF28-Ah_t7M_wc3pdpIDOEKUgxE8qsKpVW-oHrycim9Zst5_Ngw5SM2dEFgC1TR5PvTxGzJZkUOkTWo_kMwi_8xCrlcifw6Wo",
              "channelId": "<CHANNEL_ID>",
              "confirmed": true,
              "language": "en",
              "name": "ANDROID-1",
              "type": "ANDROID"
            }
          ],
          "conSubscr": {
            "connectionInfo": [
              {
                "arrivalPlatform": "102",
                "arrivalStation": "161601",
                "arrivalStationName": "Luxembourg, Gare Centrale routière",
                "arrivalTime": "2026-02-06T14:15:00Z",
                "changePossible": true,
                "departurePlatform": "1",
                "departureStation": "210701015",
                "departureStationName": "Remich, rue de la Corniche",
                "departureTime": "2026-02-06T13:30:00Z",
                "productCategory": "064",
                "productName": "Bus 413",
                "productNumber": "413"
              }
            ],
            "hysteresis": {
              "minDeviationInterval": 5,
              "notificationStart": 20
            },
            "serviceDays": {
              "beginDate": "20260206",
              "endDate": "20260206",
              "monitoredDays": "1",
              "selectedDays": "1"
            },
            "ctxRecon": "¶HKI¶T$A=1@O=Remich, rue de la Corniche@L=210701015@a=128@$A=1@O=Luxembourg, Gare Centrale routière@L=161601@a=128@$202602061330$202602061415$Bus  413$$1$$$$$$¶KC¶#VE#2#CF#100#CA#0#CM#0#SICT#0#AM#81#AM2#0#RT#15#¶KCC¶#VE#0#ERG#1#HIN#0#ECK#81450|81450|81495|81495|0|0|5|81450|1|0|2|0|0|-2147483648#¶KRCC¶#VE#1#"
          },
          "eventHistory": {
            "himEvents": [],
            "rtEvents": [
              {
                "rtConSecInfos": [
                  {
                    "conSecInfo": {
                      "arrivalPlatform": "102",
                      "arrivalStation": "161601",
                      "arrivalStationName": "Luxembourg, Gare Centrale routière",
                      "arrivalTime": "2026-02-06T14:15:00Z",
                      "changePossible": true,
                      "departurePlatform": "1",
                      "departureStation": "210701015",
                      "departureStationName": "Remich, rue de la Corniche",
                      "departureTime": "2026-02-06T13:30:00Z",
                      "productCategory": "064",
                      "productName": "Bus 413",
                      "productNumber": "413"
                    },
                    "himEvents": [],
                    "ac": false,
                    "algt": true,
                    "arrDly": 5,
                    "brd": true,
                    "cncl": false,
                    "conn": true,
                    "dep": "20260206133000",
                    "depDly": 0,
                    "dpc": false,
                    "dpcv": "102",
                    "spc": false
                  }
                ],
                "affectedIndex": 0,
                "changeId": "14588805",
                "changeType": "ARRIVAL_TIME_CHANGE",
                "channelId": "<CHANNEL_ID>",
                "channelType": "ANDROID",
                "date": "20260206",
                "msg": "Your arrival at Luxembourg, Gare Centrale routière, scheduled for 14:15, is delayed by approximately +5 minutes.",
                "planrtTS": "1770382914",
                "received": "2026-02-06T14:02:45",
                "title": "Arrival delay"
              }
            ]
          },
          "nPass": 1,
          "status": "ACTIVE",
          "subscrId": 1877283,
          "userId": "<USER_ID>"
        },
        "result": {
          "resultCode": "OK"
        }
      },
      "id": "0"
    }
  ],
  "id": "",
  "lang": "eng",
  "ver": "1.72"
}