{
  "auth": {
    "type": "AID",
    "aid": "<AID>"
  },
  "client": {
    "type": "AND",
    "id": "HAFAS",
    "name": "CFL mobile",
    "os": "Android 12",
    "ua": "Dalvik/2.1.0 (Linux; U; Android 12; Pixel 3 Build/SP1A.210812.016.C2)",
    "v": 1000680
  },
  "lang": "eng",
  "ver": "1.72",
  "svcReqL": [
    {
      "meth": "SubscrDetails",
      "req": {
        "subscrId": 1877283,
        "userId": "<USER_ID>",
        "channelId": "<CHANNEL_ID>"
      },
      "cfg": {},
      "id": "0"
    }
  ]
}