{
  "svcResL": [
    {
      "meth": "SubscrDetails",
      "res": {
        "details": {
          "channels": [
            {
              "options": [
                {
                  "type": "NO_SOUND",
                  "value": "0"
                }
              ],
              "subscrTypes": [
                "DETAILS_CONNECTION",
                "DETAILS_INTERVAL",
                "FEED_RSS"
              ],
              "active": true,
              "address": "czU8XFVJSqWRSCcUeG7h6E:APA91bE8tdy97pH4yzxPSHoF28-Ah_t7M_wc3pdpIDOEKUgxE8qsKpVW-oHrycim9Zst5_Ngw5SM2dEFgC1TR5PvTxGzJZkUOkTWo_kMwi_8xCrlcifw6Wo",
              "channelId": "<CHANNEL_ID>",
              "confirmed": true,
              "language": "en",
              "name": "ANDROID-1",
              "type": "ANDROID"
            }
          ],
          "conSubscr": {
            "connectionInfo": [
              {
                "arrivalPlatform": "1",
                "arrivalStation": "200304013",
                "arrivalStationName": "Howald, Waassertuerm",
                "arrivalTime": "2026-02-06T14:24:00Z",
                "changePossible": true,
                "departurePlatform": "2",
                "departureStation": "200401001",
                "departureStationName": "Bambësch, Centre Sportif",
                "departureTime": "2026-02-06T13:45:00Z",
                "productCategory": "EVO",
                "productName": "Bus 33",
                "productNumber": "33"
              }
            ],
            "hysteresis": {
              "minDeviationInterval": 5,
              "notificationStart": 20
            },
            "serviceDays": {
              "beginDate": "20260206",
              "endDate": "20260206",
              "monitoredDays": "1",
              "selectedDays": "1"
            },
            "ctxRecon": "¶HKI¶T$A=1@O=Bambësch, Centre Sportif@L=200401001@a=128@$A=1@O=Howald, Waassertuerm@L=200304013@a=128@$202602061345$202602061424$Bus   33$$3$$$$$$¶KC¶#VE#2#CF#100#CA#0#CM#0#SICT#0#AM#81#AM2#0#RT#15#¶KCC¶#VE#0#ERG#8193#HIN#0#ECK#81467|81465|81504|81504|0|0|85|81465|1|0|2|0|0|-2147483648#¶KRCC¶#VE#1#"
          },
          "eventHistory": {
            "himEvents": [],
            "rtEvents": [
              {
                "rtConSecInfos": [
                  {
                    "conSecInfo": {
                      "arrivalPlatform": "1",
                      "arrivalStation": "200304013",
                      "arrivalStationName": "Howald, Waassertuerm",
                      "arrivalTime": "2026-02-06T14:24:00Z",
                      "changePossible": true,
                      "departurePlatform": "2",
                      "departureStation": "200401001",
                      "departureStationName": "Bambësch, Centre Sportif",
                      "departureTime": "2026-02-06T13:45:00Z",
                      "productCategory": "EVO",
                      "productName": "Bus 33",
                      "productNumber": "33"
                    },
                    "himEvents": [],
                    "ac": false,
                    "algt": true,
                    "arrDly": 6,
                    "brd": false,
                    "cncl": true,
                    "conn": true,
                    "dep": "20260206134500",
                    "dpc": false,
                    "spc": false
                  }
                ],
                "affectedIndex": 0,
                "changeId": "14588804",
                "changeType": "CONNECTION_BROKEN",
                "channelId": "<CHANNEL_ID>",
                "channelType": "ANDROID",
                "date": "20260206",
                "msg": "Your journey from Bambësch, Centre Sportif to Howald, Waassertuerm, scheduled departure at 13:45, is canceled for at least part of your trip. More information in the timetable search.",
                "planrtTS": "1770382914",
                "received": "2026-02-06T14:02:45",
                "title": "Cancellation for at least part of the journey"
              }
            ]
          },
          "nPass": 1,
          "status": "ACTIVE",
          "subscrId": 1877282,
          "userId": "<USER_ID>"
        },
        "result": {
          "resultCode": "OK"
        }
      },
      "id": "0"
    }
  ],
  "id": "",
  "lang": "eng",
  "ver": "1.72"
}