{
  "total_events": 2,
  "matched_events": 0,
  "delivery_rate": 0.0,
  "latency": {
    "mean": 0.0,
    "median": 0.0,
    "p90": 0.0,
    "p95": 0.0
  },
  "by_changeType": {
    "CONNECTION_BROKEN": {
      "total_events": 1,
      "matched_events": 0,
      "delivery_rate": 0.0
    },
    "ARRIVAL_TIME_CHANGE": {
      "total_events": 1,
      "matched_events": 0,
      "delivery_rate": 0.0
    }
  },
  "by_subscr": {
    "1877282": {
      "total_events": 1,
      "matched_events": 0,
      "delivery_rate": 0.0
    },
    "1877283": {
      "total_events": 1,
      "matched_events": 0,
      "delivery_rate": 0.0
    }
  },
  "by_scenario": {
    "bus33_20": {
      "total_events": 1,
      "matched_events": 0,
      "delivery_rate": 0.0
    },
    "bus413_20": {
      "total_events": 1,
      "matched_events": 0,
      "delivery_rate": 0.0
    }
  }
}